barcode,count,fraction_all_valid_and_invalid_counts
GTACAAACCTGCAAAT,109121,0.143
CAATTAGAAATACATA,101212,0.132
AAAAAATTTATGACAA,90679,0.119
TACCCTGCAAGCCACT,85098,0.111
AACCACCGAGTGACCG,83708,0.109
TTATCTGTAGAGCGCT,58259,0.0762
AACGACAAACAGTAAG,47649,0.0623
CTTTAAATTATAGTCT,25623,0.0335
CATACAGAGTTTGTTG,18561,0.0243
GTAAAGACCTTCGGAG,11331,0.0148
TGTGATAGACCTAGAA,7151,0.00935
TGGGAAATCATTGGTA,3900,0.0051
AGTCAGGAGTCATATA,2173,0.00284
CGAAAGAACCTACCCG,1333,0.00174
TGAAGCCATGAGTATC,1017,0.00133
TCACAATTCATATAAT,524,0.000685
TCTATCATCGCCGTTA,518,0.000677
ACCAAAGCTGAATGGA,500,0.000654
AAGTTAAGAGAAAGTT,462,0.000604
TGAACTAGACTTTCAA,449,0.000587
GATAATAGAAAGTGTA,422,0.000552
CTGCACTCCGTAAATT,420,0.000549
ACAGTCGCAGGGAATA,414,0.000541
ACAAAGTCTCGAGAAG,410,0.000536
CAAGGAAACCGGTTGA,405,0.000529
GAAGAAACTATAACCA,404,0.000528
CAGAACACGATGGAAA,401,0.000524
CTAGCAACATCTTCCT,376,0.000492
AACGAAAAGAATAAGC,353,0.000461
GGTCCACAAGCATCCT,345,0.000451
ATTCGAAGACAGAGGG,343,0.000448
AAGGAAAATTCAAAGC,332,0.000434
TTATCACGTCTTTGCC,322,0.000421
TTCTATGTTTCTTTAA,321,0.00042
CACGAGTTGGTGGGTT,312,0.000408
TGCATTAATTCAACTA,297,0.000388
TGGAATCGTCACCGAT,292,0.000382
ATTAGACAATAATGAC,283,0.00037
AGACGCTTCGGCCCAA,277,0.000362
ACTTAAAATCTTATAA,265,0.000346
AGGAAAGAAACTGGAG,262,0.000343
GCCTTGCATTAGGAAC,260,0.00034
GTAGAAATCATAGGCG,259,0.000339
ATAGAATCGCAAATTA,258,0.000337
TATATTAGTAACATAA,258,0.000337
ATGGATATGCTATCAG,255,0.000333
AAAGTGAGACCTGTAC,242,0.000316
CCTGTTTTTAGACGAA,241,0.000315
TCGACGCTTCATGGAA,241,0.000315
ATTATGGAAATAATGA,240,0.000314
ATATCAAGACTAGATG,235,0.000307
CTCTCTACAGTATTGA,231,0.000302
TTTGCTCGCAAAACCA,225,0.000294
AGAGCTAAAAAGAGGA,223,0.000292
AAACTCATCAGACTGG,219,0.000286
CACCTAGGATCGCACT,216,0.000282
GACACAGAACCCATGC,211,0.000276
GCGGTATTCATTAATA,209,0.000273
CGCCTGTAAAAATTCG,203,0.000265
TGAGTACTGTATACCA,200,0.000261
TTGAAAAAATCATAAA,200,0.000261
CAGGACGCAAAACACA,199,0.00026
TAACGGTATTCCCCAG,197,0.000258
TAGTAATCTAAAGTAA,194,0.000254
TTTTAGATAAACTTAG,193,0.000252
CATGCAATTCAGAGGG,190,0.000248
CTCCTAATAAAAAACT,190,0.000248
TATGGCCTATAGGTTC,175,0.000229
TCCTCTATTTTCTTCT,175,0.000229
CACGAAATAGAACGTC,172,0.000225
ATATGTGCTAACAAAA,170,0.000222
GACAATATACCCCCAT,166,0.000217
ACTGCGTACAGAGGTA,162,0.000212
AGTAAACATGCATTGG,162,0.000212
GTAATACTGATGGGCA,161,0.00021
CAACGGATTCTTGTTG,159,0.000208
AAGATTACCAAATTAT,158,0.000207
TAGGACTACAGAGAAC,156,0.000204
AGCCCTTAAGACATTA,153,0.0002
GTCACTATATGATGTC,148,0.000193
CCTTTCTCAAAACATA,147,0.000192
CGCAGATATCATAGAA,145,0.00019
TTACCTCTGAGAAACG,145,0.00019
ATAGCATGCGATTTTA,144,0.000188
ATAGGCTAGAAAGGAA,144,0.000188
CGCATGCAATTATAAA,143,0.000187
TTATAAAAACAAATCG,141,0.000184
AGCAGTAAATAAAATC,139,0.000182
CTGGAATGCAACGGGT,139,0.000182
TGCCATCTGTGCATTA,138,0.00018
GGATTACACGATACCG,135,0.000176
TATGACATTAGAAACA,126,0.000165
CGCGAGCGTGAAATAA,124,0.000162
AATGAATGTATGCTAA,123,0.000161
ACTAATCGCAACTAGA,121,0.000158
ATAGGCATGCTTACTG,118,0.000154
GCAGTCTCCGGCTAGG,117,0.000153
TAATAAGCCAGCAAGA,117,0.000153
GAAAATGATCCACATT,114,0.000149
TCCCTTAGGCATAGCC,114,0.000149
AGAACAATTATTGTTA,109,0.000142
AGTCCTATCCTCAAAT,107,0.00014
GGCTTGAATGATATTG,107,0.00014
TGAATGATTCTCCTTT,106,0.000139
ATTTGAACAATGTCCA,104,0.000136
CCCCAACCTATCGTAA,104,0.000136
AATAAAATGCATGGGT,99,0.000129
GTTTCTGCCTTACAAA,96,0.000125
ACGACCAAGTGGTAGT,94,0.000123
GGACATCTTTCAAGCA,94,0.000123
AATTTTAGGACGCCGT,90,0.000118
ATTATGTCGTGACAGT,88,0.000115
TATTCAACATTCTCTA,88,0.000115
AACATGTGTAAGCGGT,87,0.000114
CCCTATCCCAGAACCT,87,0.000114
AGCATCACGTCAGTCT,85,0.000111
ATTGTGAAGAATTGCT,81,0.000106
ATAAGAGAGCATCTCT,80,0.000105
ATACGTATTGATATCT,80,0.000105
TAACAGTTAGACAAAA,80,0.000105
AAAGCTCTTTTCGTTC,78,0.000102
ACTTATGCTCTTGATA,77,0.000101
AAATAATGAGTTTATA,71,9.28e-05
ACCTATTCTATTTTTC,70,9.15e-05
CTCATATTCCTATGAC,70,9.15e-05
AGAAAGCTGTTAATAC,69,9.02e-05
CCATAACTGTATATGG,69,9.02e-05
CAAGGAAGTCAGGATT,67,8.76e-05
GTCTAACAAGAATGTA,66,8.63e-05
TAAAGACAAAAAAACC,65,8.5e-05
TCATAATAGGATGTTT,65,8.5e-05
AAGCCCAATAATAAGG,64,8.37e-05
ACCCCTTCAGAAGTTA,64,8.37e-05
TACTAAGTAAGAGCAA,64,8.37e-05
AAGATGAATGTCTTAA,63,8.24e-05
TTGGGGATTGCCCAAA,63,8.24e-05
ACTAAAGGCATAGTAG,61,7.97e-05
TTGGGCACTAAATTAA,60,7.84e-05
ATCCGATTTAAAGGCA,59,7.71e-05
CGGCAGGATATTGCAG,57,7.45e-05
AAATTAAAGAGGTTAA,56,7.32e-05
CAAAAACTTTAATTTC,55,7.19e-05
CAGATATGAGAGAGCA,53,6.93e-05
AAACTGATTAATGATG,50,6.54e-05
AATCCGAAATTTATTC,47,6.14e-05
AAGTAGTGATTAAGCA,46,6.01e-05
ACTACCGCTAATATGC,46,6.01e-05
AATTGTGAATGCCACA,45,5.88e-05
CCTTGCGGTGTTTAAC,43,5.62e-05
AAACATATTGGCGTTT,42,5.49e-05
GCAGAACATAAAACTC,42,5.49e-05
ACTTAGGAAGGTAAAC,41,5.36e-05
GAGAGTACGGCACTGA,41,5.36e-05
CAGTCGCATTGAACCT,38,4.97e-05
TAACCGGGGAATCATT,38,4.97e-05
TGGACACTTACAACAA,38,4.97e-05
GTCATATTCGATTACA,37,4.84e-05
TGTTTTACATTAGATG,34,4.44e-05
ATATTGTTAATATTCT,33,4.31e-05
CTTCAAAGACTGATTA,33,4.31e-05
ATCCCATCAACAAAAT,31,4.05e-05
CAATCCGCTTGAATAC,31,4.05e-05
TGGCCTGCTTCGGAAA,31,4.05e-05
CCACATAGGCGTTTTT,29,3.79e-05
CTGAACTTGTCGATAT,29,3.79e-05
GGATTGTAATAAATCA,29,3.79e-05
TCATTGTCAATATTGA,28,3.66e-05
ACGTAAAAAGGATATC,27,3.53e-05
CGATGCACTCGTAAGT,26,3.4e-05
GTATCCCCACGAAAGT,26,3.4e-05
AAAATCATTCGACTCT,25,3.27e-05
ATTACCTAAGTGAAAT,24,3.14e-05
CCAAATTTTAACTGTG,24,3.14e-05
AAATAAGTATCCTAAA,22,2.88e-05
ACGGCAAGTGATGAAA,19,2.48e-05
GTCAAATAAATTTTCA,17,2.22e-05
TTCTATAGTACTTCTA,17,2.22e-05
GTCCACAACAGTTGAA,9,1.18e-05
CATGTGAATTCGCCCA,8,1.05e-05
CGTTAAGTTGAAAAAA,8,1.05e-05
CCAGCCACATAAAATT,6,7.84e-06
AATCCATTAGTTCAGC,4,5.23e-06
AATGATAACTTAAAAA,3,3.92e-06
AAAGCCCTAGTTAAGT,1,1.31e-06
AAAATGCTGGGGTATA,0,0
ACAAATAGTTTATAGA,0,0
ACGCCCCCACTTCATG,0,0
AGCCCGAAGAGCCCCT,0,0
AGTACTTCGTACTCCT,0,0
ATCTAATAATTATGGT,0,0
CCAAGCTAGGTCGACA,0,0
CCAGGAACAATATATC,0,0
CCCACCCCTGCCTCCC,0,0
CCCGACAAAGCCCTCG,0,0
CCGTTCTAAAACGCTA,0,0
CGTATACAAACGCGAC,0,0
CTCCGCGTGTACAGAT,0,0
CTGTAAAAAGCGTTAA,0,0
GAATATAAATGGGCAT,0,0
GAGCAGTATCTGGTTA,0,0
GCATCCTTTTCCTGTT,0,0
TAAATGGTACAGAGGT,0,0
TAACCGCTTCAATATA,0,0
TAGTTGACTGTCGAGG,0,0
TCCGAAAGACCAAAAC,0,0
TTGAAAGCCACAACAC,0,0
